nom,prenom,email,telephone
Dupont,Jean,jean.dupont@email.com,0123456789
Martin,Marie,marie.martin@email.com,0987654321
Durand,Pierre,pierre.durand@email.com,0147258369
Bernard,Sophie,sophie.bernard@email.com,0963852741
Petit,Luc,luc.petit@email.com,
Moreau,Claire,claire.moreau@email.com,0159753486
Leroy,Paul,paul.leroy@email.com,0162835947